{"CollectionList":[{"UniqueID":141.664359152317,"Name":"startP3","Time":23,"_Emergent":true,"BasketCounter":0,"WaterIsPumping":false,"Player_Positions":["(-18.4, 0.1, 72.4)","(34.2, 0.1, 56.4)","(32.7, 2.9, 86.3)","(38.5, 0.1, 86.6)","(44.1, 0.4, 87.2)","(47.3, 0.5, 86.6)","(47.3, 2.1, 86.1)","(47.0, 2.2, 84.6)","(47.3, 2.2, 85.3)","(47.2, 3.9, 84.9)","(47.0, 3.8, 82.6)","(46.9, 5.3, 82.1)","(47.4, 4.2, 81.6)","(48.8, 4.7, 81.6)","(49.7, 4.2, 81.6)","(49.9, 5.6, 81.6)","(52.9, 6.0, 79.5)","(52.7, 6.1, 75.5)","(52.7, 6.0, 75.1)","(50.7, 8.4, 74.8)","(28.8, 0.1, 58.1)","(23.1, 0.1, 59.1)","(17.4, 0.3, 59.9)","(11.8, 0.5, 60.9)","(7.3, 0.4, 64.2)","(2.1, 0.5, 66.8)","(-3.2, 0.5, 69.0)","(-8.3, 0.5, 70.4)","(-9.7, 0.5, 70.8)","(-11.1, 0.5, 70.8)","(-14.2, 2.9, 71.2)","(-15.9, 0.1, 73.7)","(-14.2, 0.2, 69.8)","(-14.3, 1.8, 68.2)","(-12.5, 1.8, 66.0)","(-12.0, 0.5, 66.6)","(-11.6, 0.5, 72.3)","(-11.0, 0.5, 75.2)","(-10.4, 0.5, 76.7)","(-8.5, 0.5, 75.7)","(-7.6, 0.5, 73.9)","(-7.2, 0.5, 71.8)","(-6.8, 0.5, 69.7)","(-6.7, 0.5, 69.5)","(-6.5, 2.2, 68.9)","(-6.3, 1.4, 68.8)","(-6.5, 3.8, 66.5)","(-7.8, 3.3, 66.2)","(-7.0, 0.5, 67.9)","(-5.4, 0.5, 69.1)","(-4.1, 0.5, 70.4)","(-4.7, 0.5, 70.3)","(-3.6, 0.5, 72.0)","(-2.3, 0.5, 73.7)","(-1.3, 0.5, 75.5)","(-0.3, 0.5, 77.3)","(0.8, 0.5, 79.2)","(1.8, 0.5, 81.0)","(1.9, 0.5, 83.3)","(2.9, 0.4, 85.2)","(3.2, 0.2, 87.3)","(3.9, 0.3, 89.3)","(4.7, 0.5, 91.2)","(-23.7, 0.1, 74.4)","(-28.2, 0.1, 77.8)","(-32.5, 0.9, 81.5)","(-35.3, 2.0, 83.8)","(-37.2, 2.2, 83.8)","(-38.1, 4.3, 81.5)","(-38.3, 3.7, 80.3)","(-38.2, 4.1, 79.1)","(-35.3, 5.6, 74.8)","(-32.6, 4.5, 72.5)","(-32.7, 4.5, 70.8)","(-34.3, 6.6, 70.4)","(-35.7, 6.7, 70.7)","(-37.6, 6.2, 70.0)","(-39.1, 7.5, 69.5)","(-40.9, 8.5, 70.5)","(-42.0, 7.3, 70.4)","(-42.2, 7.9, 70.4)","(-42.2, 7.3, 70.4)","(-42.3, 8.4, 70.4)","(-44.3, 9.7, 70.8)","(-45.3, 8.9, 70.9)"]},{"UniqueID":141.664359152317,"Name":"startP2","Time":44,"_Emergent":true,"BasketCounter":0,"WaterIsPumping":false,"Player_Positions":["(-18.4, 0.1, 72.4)","(34.2, 0.1, 56.4)","(32.7, 2.9, 86.3)","(38.5, 0.1, 86.6)","(44.1, 0.4, 87.2)","(47.3, 0.5, 86.6)","(47.3, 2.1, 86.1)","(47.0, 2.2, 84.6)","(47.3, 2.2, 85.3)","(47.2, 3.9, 84.9)","(47.0, 3.8, 82.6)","(46.9, 5.3, 82.1)","(47.4, 4.2, 81.6)","(48.8, 4.7, 81.6)","(49.7, 4.2, 81.6)","(49.9, 5.6, 81.6)","(52.9, 6.0, 79.5)","(52.7, 6.1, 75.5)","(52.7, 6.0, 75.1)","(50.7, 8.4, 74.8)","(28.8, 0.1, 58.1)","(23.1, 0.1, 59.1)","(17.4, 0.3, 59.9)","(11.8, 0.5, 60.9)","(7.3, 0.4, 64.2)","(2.1, 0.5, 66.8)","(-3.2, 0.5, 69.0)","(-8.3, 0.5, 70.4)","(-9.7, 0.5, 70.8)","(-11.1, 0.5, 70.8)","(-14.2, 2.9, 71.2)","(-15.9, 0.1, 73.7)","(-14.2, 0.2, 69.8)","(-14.3, 1.8, 68.2)","(-12.5, 1.8, 66.0)","(-12.0, 0.5, 66.6)","(-11.6, 0.5, 72.3)","(-11.0, 0.5, 75.2)","(-10.4, 0.5, 76.7)","(-8.5, 0.5, 75.7)","(-7.6, 0.5, 73.9)","(-7.2, 0.5, 71.8)","(-6.8, 0.5, 69.7)","(-6.7, 0.5, 69.5)","(-6.5, 2.2, 68.9)","(-6.3, 1.4, 68.8)","(-6.5, 3.8, 66.5)","(-7.8, 3.3, 66.2)","(-7.0, 0.5, 67.9)","(-5.4, 0.5, 69.1)","(-4.1, 0.5, 70.4)","(-4.7, 0.5, 70.3)","(-3.6, 0.5, 72.0)","(-2.3, 0.5, 73.7)","(-1.3, 0.5, 75.5)","(-0.3, 0.5, 77.3)","(0.8, 0.5, 79.2)","(1.8, 0.5, 81.0)","(1.9, 0.5, 83.3)","(2.9, 0.4, 85.2)","(3.2, 0.2, 87.3)","(3.9, 0.3, 89.3)","(4.7, 0.5, 91.2)","(-23.7, 0.1, 74.4)","(-28.2, 0.1, 77.8)","(-32.5, 0.9, 81.5)","(-35.3, 2.0, 83.8)","(-37.2, 2.2, 83.8)","(-38.1, 4.3, 81.5)","(-38.3, 3.7, 80.3)","(-38.2, 4.1, 79.1)","(-35.3, 5.6, 74.8)","(-32.6, 4.5, 72.5)","(-32.7, 4.5, 70.8)","(-34.3, 6.6, 70.4)","(-35.7, 6.7, 70.7)","(-37.6, 6.2, 70.0)","(-39.1, 7.5, 69.5)","(-40.9, 8.5, 70.5)","(-42.0, 7.3, 70.4)","(-42.2, 7.9, 70.4)","(-42.2, 7.3, 70.4)","(-42.3, 8.4, 70.4)","(-44.3, 9.7, 70.8)","(-45.3, 8.9, 70.9)"]},{"UniqueID":141.664359152317,"Name":"startP1","Time":18,"_Emergent":true,"BasketCounter":0,"WaterIsPumping":false,"Player_Positions":["(-18.4, 0.1, 72.4)","(34.2, 0.1, 56.4)","(32.7, 2.9, 86.3)","(38.5, 0.1, 86.6)","(44.1, 0.4, 87.2)","(47.3, 0.5, 86.6)","(47.3, 2.1, 86.1)","(47.0, 2.2, 84.6)","(47.3, 2.2, 85.3)","(47.2, 3.9, 84.9)","(47.0, 3.8, 82.6)","(46.9, 5.3, 82.1)","(47.4, 4.2, 81.6)","(48.8, 4.7, 81.6)","(49.7, 4.2, 81.6)","(49.9, 5.6, 81.6)","(52.9, 6.0, 79.5)","(52.7, 6.1, 75.5)","(52.7, 6.0, 75.1)","(50.7, 8.4, 74.8)","(28.8, 0.1, 58.1)","(23.1, 0.1, 59.1)","(17.4, 0.3, 59.9)","(11.8, 0.5, 60.9)","(7.3, 0.4, 64.2)","(2.1, 0.5, 66.8)","(-3.2, 0.5, 69.0)","(-8.3, 0.5, 70.4)","(-9.7, 0.5, 70.8)","(-11.1, 0.5, 70.8)","(-14.2, 2.9, 71.2)","(-15.9, 0.1, 73.7)","(-14.2, 0.2, 69.8)","(-14.3, 1.8, 68.2)","(-12.5, 1.8, 66.0)","(-12.0, 0.5, 66.6)","(-11.6, 0.5, 72.3)","(-11.0, 0.5, 75.2)","(-10.4, 0.5, 76.7)","(-8.5, 0.5, 75.7)","(-7.6, 0.5, 73.9)","(-7.2, 0.5, 71.8)","(-6.8, 0.5, 69.7)","(-6.7, 0.5, 69.5)","(-6.5, 2.2, 68.9)","(-6.3, 1.4, 68.8)","(-6.5, 3.8, 66.5)","(-7.8, 3.3, 66.2)","(-7.0, 0.5, 67.9)","(-5.4, 0.5, 69.1)","(-4.1, 0.5, 70.4)","(-4.7, 0.5, 70.3)","(-3.6, 0.5, 72.0)","(-2.3, 0.5, 73.7)","(-1.3, 0.5, 75.5)","(-0.3, 0.5, 77.3)","(0.8, 0.5, 79.2)","(1.8, 0.5, 81.0)","(1.9, 0.5, 83.3)","(2.9, 0.4, 85.2)","(3.2, 0.2, 87.3)","(3.9, 0.3, 89.3)","(4.7, 0.5, 91.2)","(-23.7, 0.1, 74.4)","(-28.2, 0.1, 77.8)","(-32.5, 0.9, 81.5)","(-35.3, 2.0, 83.8)","(-37.2, 2.2, 83.8)","(-38.1, 4.3, 81.5)","(-38.3, 3.7, 80.3)","(-38.2, 4.1, 79.1)","(-35.3, 5.6, 74.8)","(-32.6, 4.5, 72.5)","(-32.7, 4.5, 70.8)","(-34.3, 6.6, 70.4)","(-35.7, 6.7, 70.7)","(-37.6, 6.2, 70.0)","(-39.1, 7.5, 69.5)","(-40.9, 8.5, 70.5)","(-42.0, 7.3, 70.4)","(-42.2, 7.9, 70.4)","(-42.2, 7.3, 70.4)","(-42.3, 8.4, 70.4)","(-44.3, 9.7, 70.8)","(-45.3, 8.9, 70.9)"]},{"UniqueID":141.664359152317,"Name":"startP1","Time":25,"_Emergent":false,"BasketCounter":0,"WaterIsPumping":false,"Player_Positions":[]},{"UniqueID":141.664359152317,"Name":"startP2","Time":47,"_Emergent":false,"BasketCounter":0,"WaterIsPumping":false,"Player_Positions":[]},{"UniqueID":141.664359152317,"Name":"startP3","Time":24,"_Emergent":false,"BasketCounter":0,"WaterIsPumping":false,"Player_Positions":[]}]}