{"CollectionList":[{"UniqueID":573.480488836765,"Name":"startP1","Time":27,"_Emergent":false,"EventCapsuleCounter":0,"BasketCounter":0,"WaterIsPumping":false,"Player_Positions":["(40.8, 0.1, 57.5)","(42.1, 0.3, 63.0)","(42.9, 0.5, 68.7)","(43.4, 0.5, 74.4)","(43.7, 1.8, 80.1)","(45.2, 2.7, 84.8)","(46.6, 2.8, 84.9)","(47.0, 2.2, 84.7)","(47.0, 2.2, 84.9)","(47.0, 4.3, 84.6)","(47.0, 3.8, 83.2)","(46.9, 4.6, 81.8)","(46.9, 4.6, 81.6)","(47.7, 3.8, 81.8)","(48.9, 3.8, 81.0)","(49.7, 4.5, 80.8)","(49.8, 5.1, 80.8)","(52.9, 6.1, 79.7)","(52.7, 6.0, 79.6)","(53.0, 6.1, 75.4)","(52.6, 6.0, 75.1)","(52.6, 6.0, 75.1)","(49.4, 8.4, 74.5)","(46.8, 6.4, 74.0)","(47.7, 6.4, 74.6)","(47.2, 7.4, 74.1)","(48.5, 6.4, 74.1)"]},{"UniqueID":573.480488836765,"Name":"startP2","Time":34,"_Emergent":false,"EventCapsuleCounter":0,"BasketCounter":0,"WaterIsPumping":false,"Player_Positions":["(34.2, 0.4, 78.7)","(33.6, 1.7, 78.9)","(28.7, 1.7, 80.4)","(22.6, 0.5, 80.0)","(16.9, 0.5, 79.6)","(11.2, 0.3, 79.4)","(5.4, 0.5, 79.2)","(-0.3, 0.5, 79.2)","(-6.0, 0.5, 79.0)","(-11.0, 0.5, 76.8)","(-11.0, 0.5, 75.1)","(-10.1, 0.5, 73.2)","(-8.7, 0.5, 71.8)","(-7.8, 0.5, 69.9)","(-7.1, 0.5, 68.9)","(-6.9, 2.0, 68.5)","(-6.9, 1.4, 68.3)","(-6.9, 3.6, 66.0)","(-8.0, 3.3, 66.2)","(-6.9, 0.8, 67.7)","(-5.4, 0.5, 69.0)","(-4.0, 0.5, 70.6)","(-3.2, 0.5, 72.6)","(-2.6, 0.5, 74.5)","(-1.9, 0.5, 76.5)","(-1.2, 0.5, 78.5)","(-0.5, 0.5, 80.5)","(0.2, 0.5, 82.5)","(1.0, 0.5, 84.4)","(1.8, 0.3, 86.3)","(2.6, 0.1, 88.2)","(3.3, 0.5, 90.1)","(4.1, 0.5, 92.1)","(4.9, 0.5, 94.0)"]},{"UniqueID":573.480488836765,"Name":"startP3","Time":22,"_Emergent":false,"EventCapsuleCounter":0,"BasketCounter":0,"WaterIsPumping":false,"Player_Positions":["(-18.4, 1.3, 84.8)","(-24.1, 0.1, 84.7)","(-29.8, 0.1, 84.0)","(-34.9, 1.2, 83.4)","(-37.2, 2.3, 83.5)","(-38.4, 4.3, 81.1)","(-38.7, 3.7, 79.5)","(-38.2, 3.7, 79.1)","(-37.1, 6.1, 77.4)","(-33.2, 4.9, 73.4)","(-32.5, 4.5, 72.2)","(-33.1, 5.0, 70.8)","(-35.0, 5.5, 70.5)","(-36.9, 6.5, 70.3)","(-38.9, 7.9, 70.6)","(-41.0, 8.4, 70.8)","(-41.9, 7.7, 70.9)","(-42.0, 7.5, 70.9)","(-42.0, 7.3, 70.9)","(-42.1, 7.3, 70.9)","(-43.1, 9.7, 70.9)","(-45.1, 8.9, 71.0)"]},{"UniqueID":573.480488836765,"Name":"startP1","Time":24,"_Emergent":true,"EventCapsuleCounter":0,"BasketCounter":0,"WaterIsPumping":false,"Player_Positions":["(38.0, 0.1, 57.5)","(39.1, 0.1, 63.1)","(40.0, 0.2, 68.8)","(41.9, 0.3, 74.2)","(43.0, 1.7, 79.9)","(45.0, 2.8, 84.7)","(46.6, 2.2, 84.8)","(47.4, 2.2, 84.8)","(46.8, 2.5, 84.6)","(47.3, 2.2, 85.0)","(47.3, 2.2, 85.0)","(46.9, 4.1, 82.8)","(47.0, 5.0, 81.6)","(47.0, 4.5, 81.9)","(47.7, 3.8, 82.4)","(49.1, 4.6, 81.9)","(49.7, 4.2, 81.7)","(50.7, 5.9, 81.3)","(52.8, 6.1, 79.7)","(53.0, 5.9, 78.3)","(52.7, 6.0, 75.8)","(52.7, 6.1, 75.1)","(52.7, 6.0, 75.1)","(50.1, 8.1, 74.6)"]},{"UniqueID":573.480488836765,"Name":"startP2","Time":36,"_Emergent":true,"EventCapsuleCounter":0,"BasketCounter":0,"WaterIsPumping":false,"Player_Positions":["(34.2, 1.7, 77.5)","(29.9, 1.5, 79.6)","(24.2, 0.5, 78.6)","(18.6, 0.5, 77.5)","(12.9, 1.7, 76.5)","(7.3, 1.5, 77.4)","(1.6, 0.5, 77.0)","(-3.9, 0.5, 75.3)","(-8.7, 0.5, 75.5)","(-9.7, 0.5, 76.2)","(-10.5, 0.5, 76.1)","(-9.1, 0.5, 74.7)","(-8.2, 0.5, 72.8)","(-7.3, 0.5, 70.9)","(-6.4, 0.5, 69.0)","(-6.6, 0.5, 69.4)","(-6.6, 0.5, 69.4)","(-6.5, 1.2, 69.3)","(-6.2, 1.4, 68.7)","(-6.1, 2.3, 68.3)","(-7.1, 3.3, 66.3)","(-8.0, 3.0, 67.1)","(-7.3, 0.5, 69.0)","(-6.3, 0.5, 70.9)","(-5.4, 0.5, 72.8)","(-4.5, 0.5, 74.6)","(-3.6, 0.5, 76.5)","(-2.7, 0.5, 78.4)","(-1.6, 0.5, 80.2)","(-0.8, 0.5, 82.1)","(0.3, 0.5, 84.0)","(1.4, 0.3, 85.7)","(2.6, 0.2, 87.4)","(3.6, 0.3, 89.2)","(4.5, 0.5, 91.0)","(4.8, 0.5, 93.1)"]},{"UniqueID":573.480488836765,"Name":"startP3","Time":19,"_Emergent":true,"EventCapsuleCounter":0,"BasketCounter":0,"WaterIsPumping":false,"Player_Positions":["(-18.4, 0.1, 88.2)","(-23.8, 0.1, 86.3)","(-28.9, 0.1, 83.7)","(-34.4, 1.4, 83.5)","(-36.7, 2.2, 83.8)","(-38.1, 3.0, 82.7)","(-38.7, 3.8, 80.3)","(-38.1, 3.7, 79.0)","(-34.8, 5.9, 74.4)","(-32.5, 4.5, 71.1)","(-34.5, 6.2, 70.6)","(-35.9, 7.1, 70.5)","(-37.9, 6.7, 70.9)","(-39.9, 6.8, 70.8)","(-41.6, 7.9, 70.2)","(-41.7, 7.0, 70.2)","(-42.2, 9.5, 70.2)","(-43.9, 8.5, 70.4)","(-44.9, 9.8, 70.5)"]}]}